<mujoco>
	<compiler angle = "radian"/>

        <visual>
            <headlight ambient ="0.4 0.4 0.4" />
        </visual>

        <asset>
            <material name ="white" rgba="1 1 1 1"/>
        </asset>

<!--        <option gravity=" 0 0 -.1"/>-->
	<worldbody>
        <light diffuse=".5 .5 .5" pos="0 0 3" dir="0 0 -1"/>
                <geom type="plane" size="10 1 .1" rgba=".9 0 0 1"/>
                <body pos="0 0 1" euler = "0 0 0">
                <inertial pos="0 0 0" mass="1" diaginertia="0.01 0.01 0.01"/>
			<joint type="free"/>
                        <geom type="sphere" size=".1" rgba="0 .9 0 1"/>

                </body>

	</worldbody>
</mujoco>
